case,order,dimension,ncoeffs,nproducts,trials,double_iterations,oti_iterations,double_seconds_per_eval,double_mean_seconds_per_eval,double_min_seconds_per_eval,double_max_seconds_per_eval,double_stddev_seconds_per_eval,oti_seconds_per_eval,oti_mean_seconds_per_eval,oti_min_seconds_per_eval,oti_max_seconds_per_eval,oti_stddev_seconds_per_eval,ratio,value_real
first_order_simple,1,1,2,3,25,2000000,5000,2.75152e-09,2.7615e-09,2.71988e-09,2.85417e-09,3.09735e-11,9.7986e-09,9.85184e-09,9.6844e-09,1.04498e-08,1.80782e-10,3.56116,0.162488
first_order_simple,1,2,3,5,25,2000000,5000,2.79555e-09,2.80778e-09,2.71793e-09,3.06966e-09,7.05186e-11,1.23576e-08,1.23791e-08,1.19388e-08,1.40086e-08,4.16942e-10,4.42045,0.327347
first_order_simple,1,5,6,11,25,2000000,5000,4.96774e-09,4.97604e-09,4.77731e-09,5.24403e-09,1.11569e-10,2.7408e-08,2.75519e-08,2.57648e-08,3.85392e-08,2.53097e-09,5.51719,0.836114
first_order_simple,1,10,11,21,25,2000000,5000,9.10119e-09,9.11005e-09,8.94484e-09,9.34013e-09,1.14449e-10,8.09576e-08,8.12468e-08,7.81864e-08,8.8412e-08,2.45113e-09,8.89527,1.73109
first_order_simple,1,20,21,41,25,1000000,5000,1.80488e-08,1.79744e-08,1.7327e-08,1.85685e-08,3.16461e-10,2.20535e-07,2.1981e-07,2.09993e-07,2.27718e-07,5.45133e-09,12.2188,3.6951
first_order_simple,1,30,31,61,25,666666,5000,2.56203e-08,2.57099e-08,2.50203e-08,2.68443e-08,4.84459e-10,4.81582e-07,4.82012e-07,4.59551e-07,5.64185e-07,2.08292e-08,18.7969,5.88623
