key,value
N,21
total_time,0.050000000000000003
dt,0.00020833333333333335
sensor_node,9025
nominal_qoi,0.15216033600765483
alpha_min,0.69999999999999996
alpha_max,1.6000000000000001
amp_min,70
amp_max,130
sigma_min,0.035000000000000003
sigma_max,0.065000000000000002
n_anchors,64
n_mc,400
n_queries,200
mc_seed,20260706
